{
    "val_auc": 0.8348760947066575,
    "val_recall": 0.0036231884057971015,
    "scores_mean": 0.01841900870203972,
    "scores_std": 0.041411664336919785,
    "psi": 5.175751507514803,
    "kl": 3.118233368600373,
    "psi_status": "ALERT"
}